{
    "auc": [
        0.8528011008790641,
        0.7087177290933825,
        0.8891971055618944,
        0.8198682524955265,
        0.5604962595916894,
        0.9395176112038051,
        0.8472900718558518,
        0.8580076512690902,
        0.5750888620504847,
        0.7136659532950939,
        0.6794431504200099,
        0.9185089452048987,
        0.7968620016346857,
        0.8737874937064569,
        0.7106681054957524
    ],
    "cond_ind": false,
    "seed": 42,
    "m_classifiers": 15,
    "cv_kfolds": 10,
    "n_samples": 1000,
    "n_pos": 300,
    "dest": "sim_results"
}